Y;X;Bed
-7.561067216;111.112564266;589.4
-7.560672917;111.117171342;653.5
-7.559855794;111.123300058;656.8
-7.560172776;111.136950316;780.1
-7.559749226;111.152925297;757.5
-7.560459642;111.172866239;1013.8
-7.560105970;111.185923276;1031.4
-7.560057449;111.196101358;1059.7
-7.559359043;111.198662064;1016.5
-7.559159923;111.205347244;1015.2
-7.558184954;111.212068041;968.2
-7.558335925;111.218108685;976.3
-7.558300395;111.220035075;973.0
-7.557848051;111.228493902;737.7
-7.557597958;111.238576211;600.3
-7.557489801;111.248336576;466.0
-7.557577138;111.256735718;466.0
-7.557511607;111.263604730;404.2
-7.557838706;111.269788966;367.0
-7.558195492;111.277270998;337.3
-7.558542213;111.281826059;315.0
-7.558885956;111.285076156;303.7
-7.559220933;111.287680188;292.0
-7.560542786;111.292215801;282.9
-7.562492671;111.295442027;268.0
-7.564757932;111.295383880;274.4
-7.566386614;111.295332507;278.0
-7.569638624;111.293590784;327.7
-7.571916083;111.291221602;352.0
-7.572865481;111.289246575;358.7
-7.573497170;111.287603537;363.0
-7.573886442;111.283934923;433.8
-7.574276255;111.278640962;480.1
-7.574234264;111.275084337;488.0
-7.574258313;111.271480331;501.1
-7.574261279;111.270174650;535.6
-7.574276895;111.267560342;562.0
-7.574058821;111.263804157;505.2
-7.574068331;111.260218843;514.3
-7.573873985;111.253980412;620.3
-7.573867321;111.251715852;660.4
-7.573870537;111.249771161;658.7
-7.573802073;111.243658508;684.5
-7.573742706;111.238517296;675.5
-7.574010413;111.235180412;830.9
-7.573969853;111.228764928;838.0
-7.574440773;111.219340879;1108.7
-7.574898028;111.212877976;1368.7
-7.574873238;111.209714977;1363.8
-7.574864606;111.205285897;1401.1
-7.575025877;111.201478845;1471.2
-7.574799900;111.196132647;1429.5
-7.574954518;111.194236608;1486.5
-7.575691784;111.190450903;1573.8
-7.575899258;111.187301960;1568.9
-7.575729565;111.183837760;1486.2
-7.575648895;111.181945668;1508.7
-7.575918270;111.175602638;1370.9
-7.575919106;111.172711821;1280.0
-7.576337311;111.166983726;1222.2
-7.575784516;111.162421347;1049.0
-7.576497884;111.158326248;1115.4
-7.576719115;111.156081185;1080.6
-7.576972781;111.154790428;1071.0
-7.577221589;111.152550585;1024.4
-7.577561947;111.150345738;1080.7
-7.577809955;111.148734959;1061.6
-7.578721411;111.146496730;1075.1
-7.578833374;111.142929868;1001.8
-7.578848410;111.139618701;893.9
-7.579202334;111.136789634;932.3
-7.580146450;111.132355027;970.2
-7.580517642;111.126827022;892.9
-7.581100651;111.123314532;910.2
-7.581514407;111.119369185;833.3
-7.581939613;111.115418401;784.1
-7.582172838;111.113139158;771.1
-7.582416816;111.111181941;750.5
-7.582677696;111.109870466;716.8
-7.583335421;111.108299712;745.6
-7.585509303;111.105069209;744.9
-7.586390623;111.103098467;718.4
-7.588942335;111.101177108;748.1
-7.590442118;111.100118990;719.2
-7.594200394;111.098110767;732.0
-7.596443194;111.097780063;736.0
-7.598289187;111.097365554;706.7
-7.599276195;111.098327694;719.4
-7.602660258;111.104466720;771.0
-7.603056814;111.107370088;785.5
-7.606145667;111.115092229;839.7
-7.608254260;111.120594257;915.8
-7.610488079;111.127764644;1038.8
-7.611217363;111.131596061;1055.9
-7.611308777;111.134801216;1080.0
-7.611724321;111.142306840;1255.5
-7.611548079;111.151031923;1454.4
-7.611592583;111.155590076;1637.5
-7.611768824;111.158163110;1710.2
-7.611469170;111.163588932;1842.8
-7.611835350;111.168674262;2018.6
-7.611329458;111.177825902;2362.5
-7.611206558;111.186221463;2743.5
-7.611205951;111.190806581;2683.3
-7.611670817;111.198732642;2917.6
-7.610793548;111.204294764;2699.8
-7.610658886;111.206782713;2580.8
-7.610320438;111.212747301;2317.2
-7.609811191;111.221044878;1911.5
-7.609582710;111.224921442;1735.2
-7.609445171;111.227198548;1625.8
-7.609427069;111.230059207;1570.5
-7.609110355;111.235007948;1389.5
-7.609000393;111.238911732;1232.0
-7.608900176;111.241542666;1163.6
-7.608842045;111.244797325;1083.0
-7.608668338;111.253324806;861.1
-7.608521033;111.263203442;698.5
-7.608526531;111.270378805;627.2
-7.608519413;111.274314186;576.7
-7.608516335;111.280550818;515.4
-7.608908334;111.285715094;500.3
-7.609890348;111.287311350;493.8
-7.611190701;111.289892001;470.7
-7.613097215;111.291519461;459.6
-7.616011416;111.292729334;471.3
-7.617922940;111.293031862;461.3
-7.619204379;111.293333058;461.4
-7.621123525;111.293292788;464.0
-7.625265685;111.291904814;483.3
-7.626820700;111.288960834;492.8
-7.628075885;111.285326605;514.5
-7.629283699;111.278796386;571.0
-7.630222206;111.269569519;678.3
-7.630178868;111.261753188;766.0
-7.630148114;111.259175227;787.8
-7.630194906;111.252590434;880.8
-7.630184225;111.250001097;933.4
-7.630273367;111.246660064;1060.2
-7.630269616;111.243752853;1127.5
-7.630277403;111.241484098;1150.6
-7.630399512;111.236226910;1353.9
-7.630791378;111.233912785;1442.1
-7.631208122;111.228722952;1616.2
-7.632022473;111.223507664;1832.9
-7.632495891;111.218996316;2027.6
-7.632604985;111.215183503;2226.5
-7.632719889;111.213260531;2320.9
-7.632814813;111.210115687;2471.6
-7.633034871;111.204798259;2720.9
-7.633152860;111.200173728;2915.4
-7.633537242;111.195888741;3062.1
-7.633656426;111.191632189;2921.6
-7.634230629;111.187667379;2990.3
-7.634491147;111.181220395;2766.7
-7.634074391;111.176532769;2477.6
-7.633672628;111.170249912;2195.0
-7.633481291;111.166162525;2113.8
-7.633378229;111.164261360;2049.3
-7.633163533;111.160437249;1913.9
-7.633271200;111.156286280;1779.7
-7.633376610;111.151492406;1708.2
-7.633217937;111.147960620;1584.9
-7.633048739;111.145331457;1497.8
-7.632958830;111.143078229;1433.4
-7.632802706;111.139511007;1359.1
-7.632688746;111.137531656;1289.9
-7.632396375;111.131299948;1123.2
-7.632218645;111.126417780;1035.6
-7.632131642;111.124749684;984.8
-7.631931111;111.118876408;901.9
-7.632417725;111.113988446;840.2
-7.632635828;111.110411647;811.2
-7.633517748;111.107487892;804.6
-7.635025810;111.103608093;789.0
-7.635614974;111.101349004;779.4
-7.637714328;111.097054984;745.4
-7.639245610;111.094141131;737.9
-7.641127377;111.091598210;745.1
-7.642402080;111.090983580;775.8
-7.644945955;111.090958988;809.1
-7.647741127;111.090739255;737.5
-7.650280234;111.090996072;746.5
-7.652843698;111.092833771;691.8
-7.653177822;111.093485982;694.1
-7.655482874;111.097339164;727.8
-7.656817283;111.100545407;716.3
-7.657161010;111.101833060;731.6
-7.657550356;111.105379465;755.4
-7.658228442;111.107321565;769.5
-7.659014618;111.113833762;860.7
-7.659393678;111.116734050;850.1
-7.659505710;111.121606102;912.6
-7.659635506;111.127727064;971.6
-7.659835809;111.134620163;1101.4
-7.659314166;111.139749130;1177.8
-7.657973567;111.149090299;1282.7
-7.656984251;111.159033064;1417.8
-7.656640401;111.167056521;1688.4
-7.656895025;111.175275397;1868.7
-7.656988479;111.179651435;1906.1
-7.657223227;111.189323953;2024.5
-7.657420800;111.199896104;2037.7
-7.657515874;111.209273437;1906.7
-7.657539943;111.220702902;1605.0
-7.657600767;111.228023699;1468.8
-7.657582635;111.234545444;1265.7
-7.657639484;111.241313407;1114.6
-7.657664593;111.248519565;956.5
-7.658344566;111.254378320;821.3
-7.658687841;111.257311523;816.7
-7.659080355;111.264823727;713.6
-7.659098925;111.266455494;696.2
-7.659120369;111.268418669;665.7
-7.658844214;111.271680255;641.0
-7.658570591;111.274594792;625.9
-7.658595628;111.276209997;621.9
-7.658619072;111.277831448;615.1
-7.659000613;111.282035408;600.7
-7.660302013;111.285342548;553.7
-7.660668774;111.288934310;519.3
-7.661033489;111.291498505;518.4
-7.662340931;111.293764310;494.5
-7.662349292;111.294422798;496.8
-7.664593775;111.295379459;488.7
-7.667474943;111.295624068;495.8
-7.671944853;111.295505795;504.8
-7.673854262;111.295129398;527.2
-7.675736486;111.293119235;541.3
-7.677912197;111.289840991;559.2
-7.679751715;111.285591439;580.0
-7.680042741;111.283953208;593.5
-7.679982765;111.280351886;599.5
-7.679916715;111.276451628;629.2
-7.679820388;111.270524736;725.5
-7.679727974;111.264994434;787.0
-7.679608244;111.257868400;839.7
-7.679185815;111.251793648;826.2
-7.678770297;111.245615384;928.9
-7.678713127;111.242046399;998.0
-7.678349464;111.239162005;1024.0
-7.678311063;111.236925943;1022.5
-7.678257847;111.233719149;1051.9
-7.678194129;111.229499707;1168.3
-7.678130845;111.225302254;1255.2
-7.678045285;111.220214841;1280.4
-7.677962933;111.215465365;1306.8
-7.677581320;111.211344493;1293.6
-7.676892284;111.208221595;1296.0
-7.676239523;111.206317087;1308.6
-7.676191916;111.203468897;1363.5
-7.676150419;111.199969207;1519.6
-7.676115166;111.196486979;1780.6
-7.676051265;111.192099076;1790.5
-7.675986478;111.187729502;1874.0
-7.675911467;111.183059868;1928.1
-7.675808792;111.178043388;1826.4
-7.673513565;111.172096120;1710.9
-7.673456724;111.168960984;1705.1
-7.674033392;111.167037869;1647.5
-7.674017720;111.166397016;1629.2
-7.674616977;111.164540513;1653.5
-7.674862755;111.160202831;1784.7
-7.674763160;111.155432877;1654.9
-7.674569186;111.147848124;1274.0
-7.674434360;111.140820011;1208.3
-7.674327635;111.136191616;1070.6
-7.674885708;111.132336999;1057.0
-7.675116953;111.127834147;1016.4
-7.676017041;111.125275196;1015.0
-7.676904803;111.122304571;950.6
-7.679046267;111.118249092;1052.8
-7.680556929;111.114585825;954.4
-7.681146220;111.112179510;863.9
-7.682636657;111.107025936;828.6
-7.684752744;111.101116117;799.0
-7.686869562;111.095722190;826.8
-7.688426459;111.093638758;762.2
-7.691308340;111.094811502;718.6
-7.694824913;111.097082202;781.6
-7.696763176;111.099313894;800.6
-7.697107004;111.101270671;827.0
-7.697814826;111.107862133;946.1
-7.699248542;111.116715554;887.6
-7.700928185;111.126840702;1096.6
-7.701351446;111.136540678;1196.2
-7.701505450;111.147720675;1350.6
-7.701605452;111.156668508;1496.8
-7.701702843;111.166209535;1614.8
-7.701770880;111.179178340;1954.6
-7.701878587;111.186030477;2019.5
-7.701964933;111.189449578;1982.6
-7.702073730;111.192879344;1845.6
-7.701758586;111.201399478;1505.7
-7.701860375;111.207066065;1490.1
-7.701966407;111.212120381;1447.3
-7.702187392;111.218569980;1209.0
-7.702217402;111.221082747;1275.4
-7.702411111;111.229098222;1111.0
-7.702513143;111.233285140;1024.9
-7.702014179;111.238481608;974.3
-7.702084941;111.241094432;925.4
-7.702202273;111.245665621;809.3
-7.702310256;111.251439497;808.4
-7.702431090;111.258163219;825.6
-7.702494330;111.261385699;775.0
-7.702641793;111.268513972;717.0
-7.703469557;111.277318311;660.3
-7.704822055;111.281497000;629.9
-7.706513732;111.286351144;600.8
-7.708515606;111.289963629;525.1
-7.711377614;111.290195016;554.9
-7.716409174;111.288391615;600.6
-7.719822066;111.284426071;629.7
-7.723171236;111.278792979;684.8
-7.725573574;111.271667829;713.1
-7.725744171;111.264884388;755.2
-7.725607451;111.258442539;753.5
-7.725323331;111.247752837;859.4
-7.725162623;111.242247727;903.0
-7.725104872;111.240307430;958.4
-7.724950564;111.233267392;976.7
-7.723238868;111.223518517;1309.0
-7.723036927;111.221497471;1508.1
-7.722916297;111.216439312;1532.9
-7.722815948;111.212334234;1583.4
-7.722729412;111.210422708;1620.4
-7.722610499;111.204451723;1619.6
-7.722034489;111.200644662;1867.6
-7.722331331;111.195056996;1380.1
-7.722101303;111.190329041;1569.6
-7.721961071;111.185622546;1584.7
-7.721768700;111.179684742;1733.9
-7.721789536;111.175259572;1589.8
-7.722066265;111.169566063;1544.8
-7.721975724;111.167078435;1627.5
-7.721969516;111.161033446;1469.4
-7.721803416;111.155743870;1538.1
-7.722238337;111.149524461;1285.9
-7.722305797;111.146222826;1158.2
-7.722272206;111.140752086;1078.5
-7.722214901;111.138552204;1129.3
-7.722887261;111.133922238;982.2
-7.723085211;111.128208122;978.9
-7.723050117;111.126627181;996.4
-7.723364980;111.123345297;954.4
-7.723379551;111.121349864;875.0
-7.725190941;111.116858590;909.3
-7.727046523;111.112947977;851.6
-7.730149775;111.106080006;799.7
-7.732974161;111.100466752;756.6
-7.735509125;111.095799523;668.9
-7.737425227;111.094424151;680.4
-7.741162622;111.093821338;711.1
-7.745338836;111.092681248;655.6
-7.749501427;111.092889808;643.5
-7.751090846;111.094177342;649.4
-7.753687523;111.096686509;663.4
-7.755048150;111.100487577;639.5
-7.755729838;111.102387672;638.3
-7.756403940;111.108553609;676.3
-7.756802774;111.115321387;699.3
-7.756850902;111.117230604;724.2
-7.756832639;111.123436399;766.0
-7.756845784;111.127973197;815.9
-7.756667677;111.130135133;742.0
-7.755949910;111.135401692;868.4
-7.755303002;111.139627380;912.4
-7.755401528;111.144726215;927.5
-7.755089554;111.155029440;999.9
-7.754297752;111.163958921;1035.4
-7.754274573;111.171959179;1101.1
-7.754414445;111.174476721;1052.4
-7.754337390;111.182418092;1032.8
-7.753947401;111.191980505;956.2
-7.753742988;111.198995527;958.8
-7.753793651;111.202180895;960.0
-7.753609291;111.204115243;886.1
-7.752442281;111.210514310;937.9
-7.752183385;111.212440707;905.8
-7.752093359;111.221092550;867.1
-7.752200475;111.227161310;844.3
-7.752496398;111.236825514;769.0
-7.752684425;111.241066157;709.4
-7.752842930;111.247512719;664.8
-7.753201416;111.253227265;709.0
-7.755084946;111.263252636;627.9
-7.755791967;111.266781489;627.4
-7.757611227;111.272984516;538.6
-7.758824246;111.276991745;635.0
-7.760420327;111.281687868;663.8
-7.762978219;111.284489075;706.0
-7.762967982;111.284791308;710.3
-7.765221673;111.284786706;693.2
-7.767193805;111.284510865;653.5
-7.771070044;111.280090287;578.6
-7.772984847;111.272150747;506.4
-7.773501908;111.267915224;521.3
-7.773339810;111.259856323;536.8
-7.773157162;111.252740712;567.8
-7.773032497;111.245669019;565.9
-7.772725638;111.237230798;635.0
-7.772569350;111.231749349;678.5
-7.773717190;111.225628823;684.8
-7.773961035;111.223366593;710.5
-7.775107436;111.216612434;700.6
-7.775882921;111.207938861;696.8
-7.775792774;111.206007881;765.4
-7.775589907;111.199277159;803.4
-7.775501472;111.194798331;774.4
-7.775356143;111.192238725;841.2
-7.775259834;111.187446606;833.2
-7.775425577;111.181988513;722.2
-7.775271768;111.178798270;776.4
-7.775093295;111.174015374;815.5
-7.775188398;111.171105540;729.1
-7.774921804;111.165066699;814.7
-7.774862353;111.160905978;806.7
-7.775288517;111.158287458;732.0
-7.775527996;111.154442003;741.2
-7.775473922;111.152206838;749.2
-7.775756922;111.148988927;724.0
-7.775677797;111.146120381;744.5
-7.775696960;111.141585171;719.0
-7.775653997;111.138049076;698.7
-7.775649024;111.133189648;662.7
-7.775580998;111.128689734;652.3
-7.775541119;111.124168386;640.0
-7.776189840;111.120894093;601.7
-7.776103619;111.116726988;589.7
-7.776075893;111.112837977;585.5
-7.776081853;111.110221993;566.3
-7.776083273;111.109894228;561.1
-7.776090171;111.107274267;521.4
-7.775386814;111.104730336;543.0
-7.774121592;111.103762852;519.2
-7.771160193;111.101287686;571.0
-7.769839162;111.100376520;571.1
-7.766867020;111.098905061;607.3
-7.764990710;111.098247247;582.4
-7.762083844;111.098347175;584.0
-7.753734120;111.098595658;655.5
-7.750515291;111.098707213;673.8
-7.745747200;111.098796982;685.4
-7.741835518;111.099019992;736.4
-7.736146217;111.099419030;731.0
-7.731328830;111.099944852;802.9
-7.726599949;111.100313099;796.9
-7.719587039;111.101200973;842.5
-7.715175044;111.102231805;854.8
-7.708807215;111.102466030;861.6
-7.702858627;111.102663483;771.6
-7.699027366;111.102878334;887.4
-7.693978623;111.102851661;792.6
-7.690162108;111.103069250;874.9
-7.687955431;111.102982190;784.3
-7.682574341;111.103504370;857.7
-7.680997015;111.103810998;849.1
-7.675936294;111.104455527;783.5
-7.668021007;111.104937159;785.9
-7.661995162;111.104728793;792.8
-7.655313312;111.104158504;769.8
-7.647697329;111.103673484;762.9
-7.642343683;111.103537268;826.6
-7.638204352;111.103570410;805.1
-7.636295154;111.103587927;791.7
-7.632478494;111.103633615;787.6
-7.628342053;111.103683710;763.4
-7.626128710;111.103733679;767.6
-7.624863632;111.103762126;771.1
-7.622010261;111.103812494;786.2
-7.616932051;111.103896940;761.2
-7.614066395;111.103933937;758.6
-7.610866605;111.103957660;739.4
-7.604578380;111.104135434;778.9
-7.599725562;111.104119715;739.6
-7.596626227;111.104252329;748.2
-7.593036835;111.104533774;882.1
-7.590176527;111.104571780;896.4
-7.586420974;111.104385872;745.2
-7.581827990;111.104336114;668.2
-7.580549142;111.104352933;683.6
-7.575949221;111.105206538;719.9
-7.572695922;111.105518771;712.9
-7.569653727;111.105745568;610.9
-7.565958429;111.107169102;680.2
-7.561558766;111.108644629;559.8
-7.559291084;111.110249550;543.1
-7.557902863;111.111681728;585.4
-7.555865925;111.116599971;637.5
-7.555794659;111.119926483;678.2
-7.555332496;111.121437464;664.4
-7.555360906;111.123993499;624.6
-7.557018333;111.125590526;639.0
-7.560330393;111.126872051;677.9
-7.568130030;111.128416878;747.1
-7.577040759;111.128468049;882.3
-7.583474214;111.128421993;936.3
-7.585313113;111.128350791;917.7
-7.591885386;111.127470325;1048.0
-7.600788987;111.125860161;930.0
-7.613379783;111.124329112;895.9
-7.618418278;111.123278925;911.7
-7.626966298;111.121893370;928.9
-7.634921752;111.121216056;1016.4
-7.636828656;111.120584247;1023.9
-7.644335077;111.119410662;962.0
-7.648410452;111.118358447;940.9
-7.655613624;111.117459821;901.7
-7.657471587;111.116701559;831.6
-7.660974965;111.116709530;878.3
-7.666694146;111.116434432;960.3
-7.670478180;111.116055189;964.2
-7.675846682;111.115979234;974.0
-7.682158028;111.115754689;913.5
-7.688784699;111.115370959;941.4
-7.694762111;111.115402820;1026.2
-7.699223506;111.115104701;892.3
-7.702693674;111.115069368;937.0
-7.704267215;111.115063759;924.5
-7.707419012;111.115700021;954.5
-7.710879326;111.116336151;1006.0
-7.713799405;111.116755869;882.6
-7.716998295;111.117611679;879.6
-7.719508308;111.118266737;921.3
-7.721065730;111.118610514;959.2
-7.722679510;111.119177348;919.4
-7.725577137;111.119693230;857.8
-7.727157966;111.119993867;892.6
-7.728682541;111.120052441;932.9
-7.732227560;111.119888351;883.4
-7.737319499;111.120082957;849.9
-7.741806454;111.119934508;786.5
-7.745328373;111.119828526;780.8
-7.749806383;111.120682722;763.1
-7.752969191;111.121284168;771.8
-7.756009823;111.121705177;680.9
-7.759063264;111.122735743;736.2
-7.760689798;111.122996388;743.1
-7.762946371;111.123576112;691.2
-7.764881480;111.123841523;736.8
-7.767178978;111.124716726;682.4
-7.768492432;111.126286329;667.6
-7.770128497;111.128172085;662.4
-7.771100078;111.129765790;698.7
-7.771747260;111.130720137;708.7
-7.772073869;111.132006431;713.1
-7.771156431;111.134919583;715.8
-7.771191483;111.136518544;702.2
-7.770157763;111.140146314;767.0
-7.767539433;111.141533468;808.4
-7.762202438;111.141601269;792.1
-7.755620212;111.142525863;941.4
-7.751428803;111.142660562;988.7
-7.747971431;111.142713908;976.4
-7.746425237;111.142718752;975.3
-7.741582706;111.142892503;1025.6
-7.735291622;111.142996570;1024.3
-7.728920782;111.142857039;1093.9
-7.722962447;111.142614442;1051.1
-7.718808632;111.142442651;1114.8
-7.714958993;111.141973313;1226.2
-7.708941772;111.141853330;1303.0
-7.702682240;111.141618876;1251.7
-7.697375919;111.141637004;1184.1
-7.695516468;111.141239421;1090.4
-7.691063567;111.140536021;1247.6
-7.682877674;111.139216357;1357.8
-7.676267918;111.138478494;1125.9
-7.670314471;111.138676807;1223.5
-7.664023004;111.138743735;1161.1
-7.658356212;111.138817753;1167.1
-7.650881799;111.139375325;1243.5
-7.645267664;111.139522813;1303.8
-7.639975693;111.139662202;1339.6
-7.634683443;111.139792704;1323.5
-7.629155794;111.139995238;1416.2
-7.623762896;111.140017591;1382.2
-7.621752965;111.139938573;1271.2
-7.614587074;111.140101230;1314.5
-7.607835760;111.140101150;1210.1
-7.603105140;111.139858720;1181.4
-7.596771461;111.139942547;1166.0
-7.589733211;111.139996816;1093.0
-7.586186206;111.140013319;1087.6
-7.583884274;111.140002133;1018.9
-7.580178908;111.140261065;915.7
-7.578571134;111.140276147;908.4
-7.574428739;111.141120046;1005.8
-7.571303850;111.141189695;1031.7
-7.567180553;111.141110376;903.5
-7.564526213;111.141102817;851.6
-7.562198618;111.141095408;824.8
-7.559312481;111.141767211;791.2
-7.557775466;111.142767056;803.7
-7.556855385;111.144065579;809.9
-7.555557210;111.146935346;776.3
-7.555526743;111.148195717;758.5
-7.556770641;111.151665674;733.4
-7.558797549;111.154214994;755.0
-7.561460105;111.155479014;784.4
-7.564737276;111.156410462;832.1
-7.568766433;111.157362119;912.4
-7.570358951;111.157336811;912.6
-7.577128043;111.157368714;1105.7
-7.583468052;111.157384666;1250.7
-7.591933601;111.157356121;1422.1
-7.597297870;111.157281128;1469.5
-7.612335900;111.157193439;1681.2
-7.618002437;111.157132357;1719.1
-7.621190807;111.157124677;1785.8
-7.639410889;111.155819781;1743.9
-7.658084119;111.153261524;1330.5
-7.673144715;111.152865772;1556.0
-7.683109317;111.152674334;1594.5
-7.692196580;111.151619865;1282.5
-7.701868957;111.150558912;1350.0
-7.709357178;111.149162701;1344.1
-7.711178984;111.148887536;1412.7
-7.719486281;111.148205943;1208.4
-7.724805379;111.147161615;1159.1
-7.727703439;111.146717345;1115.8
-7.732099052;111.146645204;1121.7
-7.735392185;111.146462841;1002.7
-7.737930346;111.146405050;984.4
-7.740641686;111.146452402;1137.1
-7.745127419;111.146316120;1032.4
-7.749878043;111.146215207;1028.8
-7.752821889;111.146095513;968.8
-7.754488895;111.146011380;903.4
-7.758574540;111.145951362;941.0
-7.761763408;111.145877985;895.6
-7.765960434;111.145756007;860.6
-7.770164904;111.146602425;807.2
-7.772142244;111.147175102;765.3
-7.773483319;111.147762622;755.5
-7.774798599;111.148686382;734.4
-7.778060486;111.151495440;706.6
-7.780368673;111.153679925;675.5
-7.777506618;111.156959062;728.9
-7.773591329;111.160930422;806.3
-7.772004663;111.161603126;820.4
-7.766337246;111.163624280;805.1
-7.761389613;111.164420777;914.3
-7.760102695;111.164772467;937.1
-7.754437322;111.165189162;945.6
-7.747812763;111.166064729;1179.5
-7.744903269;111.166467545;1233.8
-7.739581737;111.167196214;1203.3
-7.736085305;111.167597269;1254.7
-7.729801944;111.168354568;1281.5
-7.723982502;111.169507864;1496.1
-7.716931985;111.169749036;1695.5
-7.714115568;111.169815477;1775.2
-7.707716449;111.169837130;1533.2
-7.705798788;111.169915708;1646.0
-7.700171463;111.170055602;1735.3
-7.687460897;111.170243427;1623.5
-7.677843366;111.170510910;1830.8
-7.673483994;111.170525875;1700.8
-7.666009659;111.170630081;1634.3
-7.661692638;111.170743473;1706.2
-7.654029288;111.170955044;1868.1
-7.651312170;111.171048014;1942.0
-7.645544814;111.171514972;2075.9
-7.644324540;111.171543082;2063.1
-7.636184454;111.171766779;2243.6
-7.629554962;111.171930959;2326.5
-7.624949248;111.172315398;2330.3
-7.622759432;111.172338102;2309.3
-7.617135046;111.172406289;2219.7
-7.616223987;111.172425699;2221.4
-7.613711568;111.172453492;2198.2
-7.605735176;111.172208441;2028.9
-7.603019003;111.172190697;1865.8
-7.595962126;111.171322220;1767.3
-7.594081067;111.171351179;1716.2
-7.587932576;111.171091056;1636.4
-7.580829308;111.171095115;1389.1
-7.572648226;111.171168140;1239.8
-7.566685504;111.172479577;1093.3
-7.564668994;111.172809188;1069.1
-7.563386697;111.173147246;1022.6
-7.560106721;111.174137442;997.8
-7.558022258;111.174460930;938.6
-7.556673111;111.175108656;874.3
-7.554987593;111.176399951;844.0
-7.555352570;111.177036839;825.3
-7.560046115;111.179531120;941.7
-7.563937365;111.181413218;1075.1
-7.568121223;111.182962396;1215.2
-7.574047927;111.184486233;1436.9
-7.582186884;111.185335493;1746.4
-7.590500756;111.185854849;2010.3
-7.595947713;111.185800144;2259.6
-7.607233845;111.185955674;2561.3
-7.621089281;111.186063392;2895.7
-7.625124394;111.186002598;2952.6
-7.641574151;111.185634946;2488.3
-7.652303799;111.185386828;2126.9
-7.660522841;111.185213650;1959.0
-7.671586046;111.184986087;1783.5
-7.685205720;111.184772815;2000.5
-7.688273541;111.184734791;2110.5
-7.697146039;111.184596204;2247.6
-7.711221231;111.184277888;1823.0
-7.725754316;111.183970499;1544.2
-7.727686283;111.183926435;1497.5
-7.731824892;111.183840696;1417.1
-7.735152449;111.183754796;1200.5
-7.747555245;111.182877551;1080.2
-7.750508807;111.182810999;1023.4
-7.751492492;111.182470119;1005.9
-7.758803838;111.182332555;984.5
-7.760737704;111.182293558;947.3
-7.761392669;111.182279432;935.0
-7.764059129;111.182218210;872.7
-7.765368854;111.182190469;828.2
-7.767918656;111.182142844;823.9
-7.768286872;111.182451945;803.6
-7.770249511;111.183372821;778.1
-7.772160207;111.184619484;763.0
-7.773094929;111.185243906;793.6
-7.773642378;111.187156856;845.6
-7.773651408;111.188115325;862.9
-7.771734153;111.190066537;882.2
-7.769669108;111.192022048;825.7
-7.767143916;111.192386904;822.2
-7.762953190;111.193098777;876.5
-7.759446024;111.193479735;881.3
-7.758185780;111.193821550;884.2
-7.751123036;111.195216210;987.5
-7.748176955;111.195578905;1049.0
-7.746051990;111.196577448;1000.9
-7.740257861;111.197937132;1146.3
-7.738638598;111.198276736;1134.4
-7.733224025;111.199942432;1231.4
-7.731623483;111.200280523;1249.9
-7.727060232;111.201580506;1485.8
-7.724752464;111.201903273;1634.9
-7.716104507;111.203642903;1554.2
-7.713712101;111.203726043;1431.0
-7.705273121;111.204812778;1479.1
-7.688416672;111.206328737;1587.3
-7.675617213;111.206648418;1307.5
-7.671304329;111.206630097;1594.4
-7.660534841;111.206742642;1873.9
-7.652355761;111.206803400;2126.1
-7.650534235;111.206824957;2154.3
-7.639138633;111.206932468;2420.0
-7.632072474;111.206983908;2646.3
-7.630271244;111.207010271;2685.2
-7.623063385;111.207120500;2743.3
-7.613860565;111.207616164;2659.9
-7.607960284;111.208736615;2417.1
-7.596417463;111.210666069;1976.0
-7.593756594;111.211378695;1867.0
-7.582597390;111.213653376;1417.2
-7.572444449;111.215510694;1220.9
-7.562281300;111.218005955;1058.7
-7.560945911;111.218364284;1026.7
-7.551621033;111.222542564;719.0
-7.549216672;111.224556867;646.2
-7.547505685;111.229778884;580.6
-7.547752956;111.235613067;503.6
-7.549721543;111.237178418;534.1
-7.562372129;111.240755815;585.3
-7.570151967;111.240881512;615.4
-7.595244921;111.239938760;1071.3
-7.607083227;111.239607450;1208.9
-7.629720773;111.238531437;1231.2
-7.644147684;111.236661808;1271.3
-7.664813150;111.235368191;1219.4
-7.668577932;111.235297643;1253.8
-7.693108871;111.234227066;914.6
-7.714466316;111.233669643;1099.0
-7.733187134;111.231577018;944.1
-7.745638619;111.230807680;806.9
-7.752344192;111.230720487;813.6
-7.763932386;111.229967248;691.6
-7.767715670;111.229886444;710.8
-7.771867614;111.229822987;686.5
-7.776072392;111.229780086;643.9
-7.777983314;111.229747442;654.1
-7.781910701;111.230679342;619.1
-7.783876729;111.231943330;603.0
-7.784885803;111.233543054;593.0
-7.783695252;111.238065927;593.4
-7.783150193;111.240670643;587.8
-7.780034701;111.244904667;571.4
-7.777821188;111.246863060;571.5
-7.774432410;111.249221775;531.6
-7.767353441;111.252474848;608.4
-7.765768430;111.252824836;625.4
-7.764502371;111.253169692;627.7
-7.760320199;111.254157332;628.7
-7.752902883;111.254511532;694.2
-7.742713350;111.254976413;728.6
-7.740823825;111.255025980;731.1
-7.733729001;111.255012176;805.3
-7.723245099;111.255147901;852.6
-7.711548821;111.255383545;829.8
-7.704569572;111.254859603;841.2
-7.690957444;111.254814280;815.2
-7.681434963;111.253672788;827.5
-7.678902706;111.253719450;812.5
-7.671930524;111.253189833;839.7
-7.664011211;111.253020004;833.4
-7.656121085;111.252444864;893.0
-7.649189537;111.252199743;936.7
-7.640963915;111.251713027;946.3
-7.638434407;111.251761989;942.6
-7.629551363;111.251964058;895.8
-7.617238979;111.253791260;895.6
-7.605794579;111.255340918;839.8
-7.601633676;111.255775622;820.6
-7.592313886;111.258305045;727.1
-7.586206511;111.259116172;708.5
-7.582945619;111.260204348;643.8
-7.581618308;111.260589811;616.7
-7.572115976;111.265159847;476.7
-7.570811012;111.266179052;461.0
-7.569176394;111.266884634;444.1
-7.567229629;111.268242436;427.1
-7.560116937;111.272988644;359.9
-7.557546749;111.276634389;338.4
-7.556283122;111.281223100;310.6
-7.555968684;111.282860662;300.5
-7.555980454;111.285143663;295.3
-7.559542075;111.287346267;296.6
-7.568595599;111.289086667;305.0
-7.582589467;111.288628399;412.5
-7.586465018;111.288519745;424.2
-7.610852410;111.287287623;495.6
-7.631917429;111.286890702;517.1
-7.643107557;111.286623470;519.4
-7.648221318;111.286491051;552.9
-7.669884311;111.286089701;560.5
-7.674987202;111.286300226;565.3
-7.691551087;111.286069156;562.7
-7.708079486;111.285627352;617.2
-7.714154768;111.285610359;571.4
-7.717335678;111.285544368;593.2
-7.727146789;111.285244555;638.0
-7.734831403;111.285203177;597.5
-7.741216512;111.285120113;577.1
-7.745698445;111.285389637;587.0
-7.748128341;111.285176330;640.0
-7.751881170;111.285024819;711.0
-7.752514437;111.285010723;710.9
-7.756915983;111.283934671;691.3
-7.760121426;111.282657864;673.0
-7.761062438;111.281684199;663.1
-7.763057128;111.279229206;598.4
-7.763362077;111.277948434;599.5
-7.764323612;111.271938617;526.1
-7.764045180;111.263142081;592.6
-7.763912313;111.254801147;598.5
-7.763870597;111.252233625;586.0
-7.763839696;111.250307995;600.9
-7.763217906;111.239959267;642.2
-7.763097947;111.235445725;679.4
-7.763526503;111.227071593;719.4
-7.763349744;111.223819802;785.8
-7.763780118;111.215791859;812.0
-7.764434246;111.204570470;867.5
-7.764857808;111.196254205;882.3
-7.765062827;111.190186572;918.3
-7.764902949;111.179654749;879.5
-7.765435091;111.176139882;911.8
-7.765676700;111.164608672;845.7
-7.765612892;111.159164996;819.3
-7.765746447;111.154087141;868.6
-7.765634544;111.147056551;853.2
-7.765546708;111.135159546;799.0
-7.765618568;111.127974175;689.4
-7.765554568;111.120870086;690.6
-7.765486444;111.117997791;676.3
-7.764771297;111.110255572;645.2
-7.763748898;111.104786224;634.1
-7.762068914;111.098036715;587.5
-7.759137737;111.093247193;607.3
-7.754221435;111.087936321;623.4
-7.751703800;111.085302457;596.6
-7.749452893;111.084716649;608.7
-7.746886890;111.084794252;585.2
-7.740842583;111.087550196;627.9
-7.738927556;111.088922622;657.0
-7.738014270;111.090854237;643.3
-7.734607101;111.101016643;744.4
-7.734737523;111.112990409;795.6
-7.735493495;111.124270885;846.4
-7.737545287;111.139354333;922.2
-7.738842378;111.150283100;1074.7
-7.739167144;111.158299372;1158.4
-7.739348635;111.163007127;1097.2
-7.739172662;111.171061513;1397.3
-7.739427427;111.180520699;1319.7
-7.739645636;111.187790794;1241.7
-7.739851062;111.192545547;1125.7
-7.739642828;111.199850583;1125.7
-7.739927053;111.209724325;1094.0
-7.740140113;111.220232006;1060.3
-7.740489094;111.229264636;864.7
-7.740812063;111.240857794;784.1
-7.740850752;111.245928065;809.8
-7.740922856;111.248825390;808.1
-7.740825000;111.257225312;760.0
-7.739076191;111.263401555;701.6
-7.737571425;111.268545626;709.0
-7.734311663;111.278012225;655.9
-7.732269959;111.284909729;618.3
-7.729521005;111.290771761;595.2
-7.727341382;111.292772967;574.6
-7.725156900;111.293843153;545.5
-7.722589805;111.294457382;565.5
-7.718444373;111.292986518;547.5
-7.718369743;111.290026761;573.7
-7.716559605;111.279673724;637.1
-7.716011056;111.270827972;724.9
-7.715593004;111.266300620;789.2
-7.714497699;111.260773219;835.3
-7.713929997;111.250112774;912.4
-7.713574985;111.247577427;899.2
-7.712076477;111.239475775;1052.4
-7.712037922;111.237560761;1061.2
-7.711495618;111.227646350;1114.1
-7.710912072;111.216483860;1251.9
-7.710634601;111.205681130;1430.7
-7.710391557;111.198084305;1610.8
-7.710788425;111.192100071;1764.4
-7.710725794;111.188971474;1795.8
-7.711453797;111.178639197;1783.1
-7.711397491;111.170129411;1650.2
-7.711854072;111.161345652;1667.4
-7.711869971;111.159410807;1593.6
-7.711826980;111.150782768;1446.1
-7.711818752;111.144312530;1257.2
-7.711783128;111.139154290;1184.6
-7.711735905;111.132027747;1104.6
-7.711737221;111.130707163;1050.0
-7.711316158;111.121349754;941.5
-7.710584830;111.117953361;1023.9
-7.708956018;111.113781420;982.8
-7.707356593;111.110511656;916.3
-7.703851961;111.106588547;814.2
-7.701934794;111.105665485;836.0
-7.698108867;111.105526341;884.2
-7.694018591;111.107612811;927.0
-7.692479992;111.109866547;922.2
-7.689751390;111.116285575;885.4
-7.688280232;111.123137074;1002.2
-7.688016114;111.126387308;1019.7
-7.687728168;111.127997178;1036.7
-7.687235071;111.137520405;1303.7
-7.688336856;111.147037224;1328.8
-7.688782703;111.154269976;1333.2
-7.689229333;111.164214897;1584.1
-7.689956253;111.172143389;1782.5
-7.690708506;111.183767573;2151.2
-7.690745576;111.185938872;2158.4
-7.691210062;111.192447411;1975.5
-7.691261827;111.194321734;1873.7
-7.691616797;111.209779172;1475.6
-7.691692760;111.212369264;1290.7
-7.691732296;111.214279644;1286.9
-7.691782790;111.216825077;1250.1
-7.692899706;111.223630463;1020.2
-7.693095628;111.233581474;930.0
-7.693185951;111.238684980;925.5
-7.692377939;111.246094570;878.3
-7.692546940;111.255107961;809.8
-7.692735014;111.264835371;726.3
-7.692782185;111.267413845;717.0
-7.692916945;111.274825454;707.8
-7.692952808;111.276765925;697.6
-7.692677131;111.279038989;675.7
-7.692130828;111.283637455;606.0
-7.691232615;111.286076464;555.0
-7.688701269;111.287337432;581.8
-7.686795603;111.287672717;569.6
-7.686158784;111.287680519;568.5
-7.682986915;111.288408242;576.1
-7.680757508;111.288478347;573.6
-7.680438903;111.288488364;572.0
-7.675343094;111.288568995;559.1
-7.673099828;111.287992747;562.0
-7.668277084;111.285140387;571.6
-7.665022157;111.280657288;583.2
-7.664374430;111.278979335;637.6
-7.663041204;111.275470766;643.5
-7.662283348;111.267049062;688.7
-7.662159980;111.257626202;776.9
-7.662142474;111.255655512;801.5
-7.662071198;111.246807169;991.1
-7.662030979;111.242919398;1050.3
-7.662545574;111.227697277;1384.2
-7.663360437;111.212695343;1717.1
-7.663645770;111.210164702;1777.5
-7.664428980;111.198861672;1895.0
-7.664349708;111.193868198;1889.8
-7.665342438;111.181667509;1818.7
-7.665192365;111.175998031;1684.9
-7.665568142;111.164939938;1547.7
-7.666138316;111.163009081;1501.4
-7.666034276;111.158551315;1431.6
-7.666527395;111.151588520;1407.3
-7.666487095;111.149976917;1390.8
-7.666620319;111.143153244;1184.8
-7.667422976;111.135813079;1142.2
-7.667213843;111.126718603;1028.3
-7.667191075;111.125445870;1028.4
-7.667076706;111.119955194;980.7
-7.666990973;111.115466558;952.8
-7.665636803;111.111843496;883.6
-7.664963837;111.110204358;842.8
-7.662305457;111.104399714;788.2
-7.661298147;111.101812628;769.1
-7.660955074;111.100525472;758.4
-7.658015474;111.097266693;714.4
-7.656732775;111.096644878;708.3
-7.655124751;111.095401062;710.1
-7.650975742;111.094498683;699.3
-7.647513611;111.095253720;741.5
-7.644466093;111.097462984;866.3
-7.642975507;111.103217484;829.7
-7.642933411;111.113014674;929.7
-7.642969721;111.114929623;960.8
-7.644544526;111.127486216;1042.7
-7.645027307;111.141477660;1349.3
-7.645622243;111.158177590;1712.7
-7.646190918;111.172443113;2084.2
-7.646524523;111.181804472;2285.0
-7.646829850;111.198182190;2305.5
-7.645284037;111.223311417;1776.9
-7.644609609;111.228146832;1610.4
-7.643165832;111.246135534;1025.1
-7.642247114;111.260191363;811.6
-7.641587107;111.265197563;683.0
-7.641283010;111.268156998;648.9
-7.640681116;111.271419692;622.1
-7.640055299;111.272737797;600.3
-7.637876949;111.277329364;544.5
-7.635973002;111.279010261;545.3
-7.634386727;111.279690100;545.4
-7.630250446;111.279753479;552.3
-7.623856354;111.278250544;566.5
-7.618743985;111.275402233;583.8
-7.617467099;111.274772322;598.1
-7.616181981;111.272841873;589.2
-7.614237478;111.264407961;685.6
-7.614243349;111.259835592;734.0
-7.614391596;111.254815989;893.3
-7.615584359;111.240080650;1196.8
-7.616118277;111.229852905;1684.7
-7.616848153;111.216016394;2328.4
-7.617670682;111.211592964;2519.2
-7.619682835;111.199182466;2988.0
-7.619700018;111.197354198;3014.0
-7.620456510;111.185158702;2880.2
-7.620851532;111.168233205;2103.8
-7.621645178;111.163534979;2057.6
-7.621938229;111.153903097;1706.4
-7.623017971;111.145474885;1461.1
-7.623916073;111.137691430;1299.5
-7.624097695;111.134452031;1229.8
-7.623896790;111.132380100;1102.0
-7.623733107;111.128780779;1013.8
-7.621489842;111.118744890;885.5
-7.617090348;111.109099161;823.0
-7.614773314;111.105890592;784.2
-7.610471854;111.101674563;730.3
-7.605750622;111.101496127;757.3
-7.599352891;111.101238848;715.2
-7.599043037;111.101252886;725.8
-7.597527439;111.102927219;760.7
-7.593445458;111.113687466;994.9
-7.592501844;111.121803916;1092.8
-7.592586414;111.128763187;1047.5
-7.592968994;111.146905303;1080.4
-7.593143629;111.149507498;1187.5
-7.594443072;111.162436962;1540.1
-7.595395818;111.172280640;1780.2
-7.599070284;111.191939725;2538.3
-7.598950049;111.212795787;1945.3
-7.598572442;111.225931014;1493.0
-7.598518594;111.228174965;1440.1
-7.598471239;111.229785097;1425.9
-7.598518212;111.236289290;1208.3
-7.598455990;111.238884429;1173.4
-7.598541005;111.251572514;895.8
-7.598270341;111.265739389;645.2
-7.597951585;111.272598277;576.0
-7.596380692;111.281767018;496.6
-7.595749320;111.284066411;467.8
-7.593196267;111.288705296;442.3
-7.590650253;111.290382513;428.0
-7.588068323;111.291111347;408.9
-7.585184194;111.291826965;406.4
-7.583889173;111.291866157;397.8
-7.582600938;111.291897914;391.1
-7.580001818;111.290671093;387.6
-7.578053057;111.287453946;394.0
-7.577392037;111.285518854;399.5
-7.576511544;111.276315106;494.1
-7.576806745;111.264274859;582.3
-7.580127682;111.247923953;774.3
-7.580407835;111.244064009;786.8
-7.583333137;111.229380154;1075.2
-7.585272873;111.220933544;1302.4
-7.588368414;111.202729423;1855.4
-7.588333675;111.199606934;1874.3
-7.588777192;111.183069948;1949.7
-7.588633109;111.179943318;1904.4
-7.587512765;111.168176397;1477.1
-7.587221387;111.160566973;1410.3
-7.586861624;111.154790801;1263.4
-7.586791581;111.152247596;1256.0
-7.586161497;111.140629709;1086.6
-7.585505318;111.125113889;885.9
-7.584988779;111.118038114;816.1
-7.584816052;111.114125075;805.3
-7.584268593;111.105746749;741.9
-7.582605758;111.098481601;651.5
-7.577864432;111.095438785;682.2
-7.575568965;111.094783265;650.6
-7.570342065;111.095700721;602.2
-7.565238134;111.103321005;660.2
-7.563987028;111.108107160;634.0
-7.562456601;111.123603392;673.8
-7.563074168;111.135338787;819.0
-7.565757617;111.160632531;945.5
-7.566779027;111.167367906;1082.8
-7.568430548;111.175009671;1164.5
-7.568408666;111.176272525;1149.0
-7.568854256;111.184538812;1218.7
-7.569298428;111.194025186;1343.5
-7.569480845;111.204757782;1368.9
-7.569290194;111.214616961;1220.8
-7.568547667;111.223417708;898.7
-7.568409349;111.226026226;796.7
-7.568344113;111.229264002;757.5
-7.568381615;111.237950829;696.6
-7.567893789;111.250003963;566.2
-7.567246961;111.258137075;496.4
-7.567223038;111.266616434;429.7
-7.567252968;111.271163136;404.4
-7.567271859;111.273761580;390.2
-7.567929812;111.274716616;386.6
-7.572220501;111.275847031;454.4
-7.574556100;111.276055426;481.7
-7.579089605;111.276248259;512.9
-7.586220800;111.276022517;565.3
-7.594440167;111.275935410;537.3
-7.604031346;111.275735010;545.3
-7.610436533;111.275584029;554.3
-7.631495562;111.275148941;606.6
-7.635311883;111.275086068;610.3
-7.648381202;111.274808026;617.0
-7.656019792;111.274661322;633.0
-7.658251814;111.274603110;625.9
-7.661115908;111.274544564;634.9
-7.670340954;111.273997337;674.8
-7.683662732;111.272404543;709.5
-7.685562789;111.272070359;702.0
-7.695699496;111.270881285;729.3
-7.702689098;111.270488268;700.0
-7.711541562;111.270223974;765.9
-7.716943414;111.270151727;760.6
-7.724578833;111.270056431;730.8
-7.731566593;111.269939923;718.8
-7.734751920;111.269899843;719.6
-7.743040659;111.269796228;678.4
-7.751385682;111.269431012;616.2
-7.755876300;111.269076023;580.2
-7.758752863;111.268721548;608.5
-7.764806171;111.268301966;587.5
-7.769611428;111.267292955;568.5
-7.771499749;111.266289158;542.0
-7.773712844;111.265285115;561.5
-7.777555862;111.263011467;524.1
-7.780486275;111.259825444;492.1
-7.782373373;111.255951956;467.6
-7.783156956;111.252641507;525.8
-7.783035730;111.249385829;557.0
-7.782907154;111.244219516;561.8
-7.782735144;111.238399372;605.9
-7.781437282;111.238410554;606.3
-7.775334479;111.238490403;635.0
-7.773411381;111.238517073;629.5
-7.768956182;111.238912742;647.0
-7.763539245;111.239638184;655.0
-7.756259001;111.241057993;628.0
-7.751698882;111.242008550;724.4
-7.744710443;111.243705641;760.1
-7.738604964;111.244368800;834.7
-7.736029085;111.244686017;865.1
-7.725611723;111.245838542;865.7
-7.723347545;111.245813203;917.8
-7.712583100;111.245971521;922.4
-7.709102002;111.246327467;946.8
-7.703808279;111.247221086;813.6
-7.698148078;111.248959725;790.8
-7.689928827;111.250633223;839.3
-7.688034362;111.250971732;873.5
-7.685826854;111.251355570;842.5
-7.684244579;111.251390346;851.6
-7.680446314;111.251448511;853.3
-7.676964665;111.251513414;850.9
-7.671901289;111.251248883;865.4
-7.661478789;111.251054309;910.9
-7.654849712;111.251158340;921.8
-7.651690456;111.251214946;921.1
-7.644104640;111.251357103;917.9
-7.640327219;111.251404397;945.8
-7.633359001;111.251553238;961.9
-7.625857778;111.251277464;994.2
-7.617885469;111.250849525;935.2
-7.615075523;111.250871721;963.7
-7.608328546;111.251084419;921.1
-7.606399619;111.251143231;929.3
-7.605143324;111.250835685;921.6
-7.601381707;111.250555707;916.9
-7.595385519;111.250656779;905.2
-7.587257138;111.250292819;826.8
-7.578433346;111.250275879;710.0
-7.575826632;111.250357772;685.9
-7.571582655;111.250167941;636.9
-7.567604237;111.249346399;577.1
-7.561010483;111.247295405;495.1
-7.558149234;111.246693830;485.5
-7.553330316;111.244201150;510.7
-7.552053136;111.241957394;529.6
-7.552358218;111.237749555;570.4
-7.554358714;111.234451927;605.4
-7.560377288;111.227485847;766.1
-7.563952822;111.224826410;798.1
-7.573663998;111.220987422;1047.5
-7.585698054;111.218990029;1372.0
-7.587674860;111.218926793;1428.0
-7.596417589;111.218587834;1736.0
-7.608995966;111.218197366;2014.6
-7.622120528;111.218826011;2141.0
-7.629825343;111.218680048;2125.6
-7.636443560;111.218644859;2003.5
-7.645575402;111.218567045;1850.4
-7.657215097;111.218484004;1652.2
-7.666819563;111.218692263;1539.4
-7.673337968;111.218657155;1355.6
-7.675199252;111.218677899;1319.7
-7.683982128;111.218940013;1128.7
-7.694048875;111.218771739;1077.2
-7.707817994;111.218447614;1215.5
-7.715415660;111.218368573;1157.7
-7.722596556;111.217684011;1552.1
-7.729389824;111.217392550;1355.3
-7.736887887;111.216307398;1314.2
-7.742385286;111.215967896;1152.5
-7.749626029;111.215646486;942.3
-7.758001373;111.215234164;853.2
-7.761816307;111.214535465;834.7
-7.767012541;111.213205868;759.4
-7.771737697;111.211518876;763.8
-7.778084293;111.207575946;731.5
-7.781468408;111.203025731;732.9
-7.781413532;111.199183738;741.9
-7.779827251;111.188641036;799.7
-7.779139855;111.187054505;795.7
-7.776218084;111.185509821;822.9
-7.767669426;111.183422729;790.4
-7.759476455;111.183274204;962.2
-7.752075969;111.183739771;1050.3
-7.746830293;111.184490118;1180.9
-7.739654355;111.186838205;1167.5
-7.738316240;111.187184558;1258.9
-7.736696234;111.187850037;1302.2
-7.735071550;111.188198419;1333.4
-7.729167701;111.189883704;1360.0
-7.723461934;111.191564065;1442.8
-7.716986916;111.192613872;1765.0
-7.714843433;111.192966484;1758.8
-7.708759493;111.194340517;1554.1
-7.702476371;111.195381121;1769.2
-7.696909982;111.196420783;1730.9
-7.694140208;111.196790990;1708.2
-7.686988479;111.197521951;1848.2
-7.678628635;111.198006990;1702.3
-7.670233741;111.198481708;1628.8
-7.668725142;111.198485985;1752.8
-7.660456117;111.198604583;1969.3
-7.652548500;111.199656366;2133.9
-7.642122905;111.200089505;2474.0
-7.634570896;111.200163853;2814.7
-7.627919572;111.200239446;3060.3
-7.620258423;111.200089503;2983.1
-7.609729631;111.200308028;2870.3
-7.595169421;111.200677972;2190.5
-7.584216978;111.200962652;1714.7
-7.578985883;111.201077140;1577.1
-7.570615718;111.201267424;1338.0
-7.565830323;111.201063153;1209.6
-7.560710319;111.198315993;1063.2
-7.560039074;111.195784444;1055.9
-7.560070781;111.191334753;1097.2
-7.560333102;111.190059473;1086.8
-7.561481979;111.186858217;1068.9
-7.563563209;111.183636624;1046.5
-7.567839791;111.179457933;1130.9
-7.571582378;111.177846487;1293.0
-7.579329190;111.175905078;1515.6
-7.590730305;111.173295896;1763.2
-7.600292020;111.172565790;1928.0
-7.609568809;111.172177786;2142.2
-7.616493674;111.172101324;2204.6
-7.624002104;111.172015611;2294.0
-7.625866642;111.171991339;2329.0
-7.635874305;111.171770852;2252.6
-7.644962653;111.172159119;2101.4
-7.653773163;111.172228707;1913.7
-7.667613964;111.173424759;1628.7
-7.676664410;111.174256458;1778.2
-7.686279441;111.174387487;1743.9
-7.693678546;111.174317713;1904.0
-7.702083375;111.174111086;1797.4
-7.709228583;111.173971413;1778.3
-7.714798981;111.173877138;1780.9
-7.721768104;111.174003293;1580.6
-7.726265607;111.173867860;1469.2
-7.730927708;111.173790661;1470.8
-7.733837855;111.173704763;1397.4
-7.742961548;111.173436554;1130.3
-7.750424564;111.172686050;1168.6
-7.754596543;111.171951507;1095.3
-7.758215718;111.171848045;1016.3
-7.762130286;111.171427110;945.6
-7.766070680;111.170039375;832.9
-7.766985654;111.169068548;872.9
-7.769816335;111.167738121;850.5
-7.773608287;111.164781957;808.0
-7.774888235;111.161540793;811.6
-7.765447787;111.155693754;874.4
-7.754843975;111.152748980;959.0
-7.742216455;111.153170830;1175.7
-7.736399455;111.154666856;1333.8
-7.729372811;111.157230450;1199.2
-7.724139439;111.158450666;1415.3
-7.718973615;111.159647766;1644.9
-7.712761384;111.160715350;1691.9
-7.707048612;111.161878262;1429.0
-7.701993477;111.163015297;1557.6
-7.694836299;111.164756979;1605.2
-7.688327119;111.166123437;1628.7
-7.680880670;111.167289205;1755.1
-7.678100701;111.167680321;1821.3
-7.674050915;111.167683701;1682.4
-7.670294213;111.167691437;1563.4
-7.662557602;111.168196179;1681.5
-7.653053111;111.168471063;1854.1
-7.651225055;111.168524646;1896.4
-7.641765757;111.168766287;2042.0
-7.639334691;111.169137275;2056.2
-7.634527786;111.169588623;2170.6
-7.629756422;111.170044753;2274.4
-7.625134751;111.170424437;2270.5
-7.623564554;111.170439374;2259.9
-7.616384607;111.170835274;2145.1
-7.607541924;111.171234852;1989.3
-7.602334229;111.171565672;1831.0
-7.596942334;111.171629652;1796.1
-7.589664990;111.172038513;1714.3
-7.582700185;111.172382336;1523.7
-7.575937111;111.173031000;1287.1
-7.567333537;111.173104157;1101.5
-7.560818217;111.173184463;1026.1
-7.554823668;111.171597615;863.2
-7.554916279;111.170654537;838.2
-7.554937562;111.167160126;886.6
-7.556923998;111.160075924;861.9
-7.558064846;111.157793901;828.3
-7.562733619;111.152915261;796.9
-7.566995304;111.150669476;872.5
-7.573144705;111.149030594;965.3
-7.576110652;111.148714373;1008.2
-7.581765497;111.148426231;1129.2
-7.583699175;111.148413099;1157.7
-7.588661580;111.148291033;1147.8
-7.593044871;111.148202721;1132.5
-7.599047921;111.148275927;1295.8
-7.602219789;111.148240706;1306.3
-7.610954674;111.147124186;1345.7
-7.617410348;111.146518679;1447.1
-7.624652198;111.145814892;1510.9
-7.630276906;111.145104670;1521.2
-7.635813895;111.144928077;1447.7
-7.641730231;111.144803324;1413.9
-7.647619249;111.144325246;1384.1
-7.654398357;111.144030194;1218.3
-7.664439384;111.143840990;1210.2
-7.674195250;111.143816950;1390.0
-7.682017973;111.143799067;1476.2
-7.687955947;111.143619826;1391.3
-7.697709071;111.143912856;1214.6
-7.708381312;111.145008783;1318.8
-7.709593351;111.145057305;1354.4
-7.719483176;111.144645481;1114.6
-7.725096899;111.144595863;1207.4
-7.736663093;111.144169334;964.2
-7.741574798;111.144188885;1052.3
-7.757730396;111.143644770;808.0
-7.758967276;111.143640305;863.8
-7.763345859;111.143268564;862.3
-7.768831945;111.141495910;800.8
-7.770148514;111.140475107;775.7
-7.774048921;111.135170898;674.6
-7.774945305;111.130973400;670.2
-7.773674502;111.130671683;691.2
-7.761793212;111.130978207;724.5
-7.747669226;111.132029268;854.0
-7.741965599;111.132139364;838.2
-7.735249287;111.132338864;918.8
-7.728891563;111.132500362;931.0
-7.726643378;111.132590523;975.0
-7.724139217;111.132608219;972.4
-7.718040860;111.133208625;1082.2
-7.711110713;111.133675657;1108.8
-7.703867297;111.134491160;1162.2
-7.696960090;111.134585442;1151.2
-7.695099465;111.134501907;1024.1
-7.690980381;111.134719309;1140.2
-7.684691353;111.134875075;1172.9
-7.678416887;111.135108432;1272.9
-7.673671837;111.134910306;1036.8
-7.663307524;111.135195056;1125.3
-7.656052834;111.135892702;1058.9
-7.650185730;111.136816360;1229.4
-7.641164200;111.137395598;1299.5
-7.633618577;111.137811240;1272.4
-7.623303424;111.138339345;1300.5
-7.613553518;111.138486798;1265.3
-7.606143339;111.138479118;1176.4
-7.598919493;111.138616208;1157.0
-7.589974294;111.138692110;1079.0
-7.581937945;111.138747502;1017.7
-7.573834961;111.138784189;957.6
-7.563193639;111.139508579;828.6
-7.554145111;111.139915997;787.0
-7.550439691;111.140340775;812.5
-7.549090439;111.139378412;786.7
-7.548962698;111.137739538;761.8
-7.549651775;111.134752375;707.1
-7.551024123;111.132401685;637.0
-7.554267117;111.129192283;662.9
-7.558376356;111.125612793;691.9
-7.562123846;111.123283276;669.3
-7.569031553;111.120567402;640.9
-7.573503409;111.119450129;795.9
-7.580566764;111.118126660;859.5
-7.584968765;111.117393155;836.1
-7.592947287;111.117256685;1035.3
-7.598921493;111.116219416;867.7
-7.605212279;111.115753004;844.0
-7.609311683;111.115348669;836.3
-7.613401247;111.114618638;839.7
-7.619155950;111.113957428;872.3
-7.626707666;111.112828331;847.6
-7.633315941;111.112026544;829.5
-7.639354884;111.111650621;854.3
-7.643553701;111.111443644;956.7
-7.649830963;111.110629121;951.1
-7.651384797;111.110534624;878.6
-7.656690839;111.109613080;788.6
-7.663034073;111.108928113;831.2
-7.668415413;111.107969203;876.6
-7.674419677;111.107801054;833.7
-7.678534752;111.107734240;826.6
-7.686125841;111.107676487;897.7
-7.692440088;111.107271388;896.9
-7.700982747;111.106382782;866.8
-7.706950164;111.106088223;916.4
-7.710782330;111.105558597;858.3
-7.714262936;111.105496125;864.8
-7.718998070;111.105103787;880.3
-7.723808517;111.104882080;796.4
-7.727266852;111.104871259;843.4
-7.732349149;111.104752374;815.3
-7.737463577;111.104587675;785.2
-7.742908662;111.104410077;726.2
-7.748666033;111.104246409;718.7
-7.751573806;111.104459576;664.7
-7.753859379;111.105327983;656.0
-7.756378142;111.106947072;685.1
-7.757687296;111.107535429;658.2
-7.760919500;111.108401046;645.1
-7.762850315;111.108996471;625.1
-7.764447922;111.109613525;639.8
-7.765791365;111.110827219;599.5
-7.768398805;111.122457870;672.0
-7.769409810;111.127270134;705.1
-7.768797794;111.133104528;759.4
-7.767901117;111.146666958;827.9
-7.767752664;111.148845423;765.3
-7.766693414;111.164248532;798.4
-7.763950962;111.187656960;966.5
-7.763103347;111.225442617;758.1
-7.763600344;111.241579948;604.9
-7.762995398;111.270644472;549.0
-7.762046986;111.277925743;622.4
-7.761711602;111.281688393;660.6
-7.754030917;111.299093069;708.4
-7.744211596;111.291523711;567.5
-7.736044764;111.271159507;706.0
-7.733876422;111.261139961;781.6
-7.732133250;111.238694375;869.8
-7.740348228;111.226022351;949.5
-7.747021876;111.211864585;958.7
-7.747548148;111.208337410;1006.9
-7.749813723;111.186967190;1131.1
-7.749729964;111.184431498;1125.7
-7.747015538;111.168263958;1063.7
-7.738242951;111.146078692;992.2
-7.737297025;111.143832167;942.0
-7.727845257;111.127103414;959.7
-7.721995574;111.118296195;950.0
-7.719793886;111.117330659;947.5
-7.714570019;111.126049327;934.0
-7.716608652;111.145729421;1188.6
-7.721421417;111.163222361;1436.3
-7.725463904;111.183025064;1513.2
-7.725801723;111.186171171;1543.3
-7.728455400;111.204733590;1342.4
-7.728666618;111.213909046;1410.8
-7.728255970;111.227110515;1024.9
-7.726640860;111.250294030;851.3
-7.723438627;111.289567039;592.6
-7.717303410;111.299201129;530.7
-7.706923539;111.291193573;585.1
-7.702242706;111.264923024;761.5
-7.703677819;111.229090375;1127.5
-7.705273121;111.204812778;1479.1
-7.706149567;111.176861010;1803.3
-7.705365821;111.149420678;1180.1
-7.698964563;111.118645967;911.8
-7.697268044;111.114049019;984.3
-7.688527013;111.099845154;858.5
-7.680928861;111.100001416;839.2
-7.676412782;111.112187097;1008.8
-7.678352503;111.148541217;1439.2
-7.680355003;111.155317054;1633.7
-7.685483734;111.182565481;1886.3
-7.685539144;111.186326622;2024.2
-7.686465524;111.217283441;1160.1
-7.686823556;111.236794232;1019.5
-7.686891964;111.240366972;940.0
-7.684278489;111.253318363;842.7
-7.676239203;111.284980309;557.6
-7.675981150;111.288541557;560.3
-7.674108988;111.291224583;536.2
-7.666761371;111.290750825;521.4
-7.662559236;111.287265174;552.9
-7.651188570;111.268198031;686.7
-7.647583802;111.247681724;1005.1
-7.647710019;111.226823830;1625.6
-7.648722732;111.207155578;2190.9
-7.650224258;111.186673762;2194.1
-7.650620677;111.177656512;2117.7
-7.649886368;111.157397259;1608.0
-7.648367740;111.128725981;1074.4
-7.647636373;111.124860842;1034.5
-7.641788903;111.107405561;839.2
-7.636241920;111.101015228;790.0
-7.632757041;111.102009780;777.1
-7.629020772;111.116349724;885.3
-7.630084142;111.140280328;1410.6
-7.630477495;111.149297979;1613.9
-7.634350816;111.176212174;2450.4
-7.638363795;111.202581533;2646.6
-7.638722675;111.215711071;2148.7
-7.638600687;111.236020879;1415.6
-7.637822225;111.249140275;994.8
-7.635248456;111.259044975;792.6
-7.629593553;111.276161028;611.4
-7.627375152;111.278165220;575.3
-7.625130435;111.275920382;582.1
-7.624816334;111.257898865;833.4
-7.625419709;111.226528440;1748.4
-7.627503072;111.207994065;2627.6
-7.627180354;111.169117144;2206.4
-7.626017836;111.148366401;1547.7
-7.625514287;111.137383084;1314.0
-7.625543009;111.125538543;997.8
-7.624493707;111.113182170;851.7
-7.621845333;111.109019916;818.4
-7.616121120;111.108156295;812.1
-7.609860710;111.111486098;821.2
-7.606107428;111.122577063;909.5
-7.605807267;111.138469712;1157.2
-7.606066822;111.141776588;1247.4
-7.607646850;111.168691749;1924.7
-7.609149671;111.187769240;2587.1
-7.608939147;111.215305854;2189.3
-7.607654723;111.242199208;1164.5
-7.607363204;111.252732819;904.6
-7.605323880;111.280611437;512.8
-7.605390536;111.288749083;462.6
-7.604760649;111.290066760;454.6
-7.603801597;111.291731543;435.2
-7.601844182;111.290170111;439.9
-7.592839619;111.275643157;534.1
-7.590370367;111.272025649;607.7
-7.588160536;111.263591414;682.4
-7.587909467;111.247363580;854.4
-7.589826525;111.222388836;1380.6
-7.591357366;111.213040137;1743.6
-7.593092870;111.188938788;2195.8
-7.590844004;111.151535374;1252.1
-7.590213603;111.136126924;1078.3
-7.589922093;111.129339574;986.7
-7.587423712;111.113195712;846.8
-7.585365518;111.110893089;775.2
-7.581547471;111.112842215;778.7
-7.574047708;111.128432959;827.0
-7.570042787;111.157659309;909.6
-7.568971010;111.187389479;1292.9
-7.564515309;111.207127894;1108.4
-7.564066402;111.210611234;1150.7
-7.566992262;111.208955833;1213.0
-7.599035979;111.187003756;2402.8
-7.614050618;111.172456849;2223.3
-7.635851218;111.151439518;1689.8
-7.644549007;111.145377070;1422.4
-7.660179707;111.136204424;1112.4
-7.678867370;111.125672729;1090.6
-7.683569212;111.124685165;1135.2
-7.680855691;111.131210148;1199.9
-7.662791097;111.178883762;1788.5
-7.642652522;111.197005094;2454.2
-7.636604365;111.200448317;2745.8
-7.633417847;111.202318742;2816.9
-7.607680716;111.218562274;1953.0
-7.605324046;111.220556213;1844.6
-7.586685911;111.238347695;944.8
-7.584738476;111.240013845;894.9
-7.571586611;111.259571860;560.4
-7.569825410;111.264911033;457.9
-7.574764345;111.263747217;530.7
-7.582861173;111.257339849;628.8
-7.610095723;111.227806745;1619.2
-7.616225163;111.220830673;2064.2
-7.641966863;111.189936518;2497.4
-7.645157717;111.187094709;2371.5
-7.672193198;111.168632604;1628.5
-7.699346378;111.147676956;1225.0
-7.720623990;111.134043539;1024.6
-7.731696945;111.130539960;941.9
-7.743073064;111.127402761;895.0
-7.744434603;111.127279396;841.9
-7.737545287;111.139354333;922.2
-7.735684439;111.144214452;1010.5
-7.731613439;111.153624798;1143.0
-7.729418703;111.158481495;1191.9
-7.711391602;111.176462781;1824.9
-7.684010030;111.186974265;1992.7
-7.680024359;111.188594319;1933.3
-7.651454720;111.208688378;2109.7
-7.631614680;111.225792588;1726.0
-7.605442386;111.253432547;882.6
-7.587155029;111.273088105;589.4
-7.580071999;111.279801548;498.1
-7.576823731;111.283503432;461.0
-7.597950845;111.273252566;567.4
-7.645053790;111.242523798;1129.3
-7.659482477;111.232194898;1376.1
-7.660399550;111.230913674;1407.7
-7.677331434;111.215158532;1331.8
-7.680398539;111.211666084;1209.5
-7.701136223;111.178256452;1966.2
-7.723858386;111.149119662;1232.4
-7.727343791;111.145476141;1121.9
-7.744747915;111.131825698;876.6
-7.757157659;111.123098135;756.3
-7.762904533;111.120359421;711.5
-7.760929769;111.141950854;778.0
-7.759886539;111.147834667;924.3
-7.750760292;111.173630477;1152.1
-7.728643959;111.200301266;1444.0
-7.707470117;111.217485604;1246.7
-7.684648161;111.238501828;926.4
-7.669777707;111.258484981;747.3
-7.664183532;111.266693824;690.1
-7.662317966;111.269652847;665.6
-7.655565749;111.287321179;551.5
-7.654642178;111.289613754;534.6
-7.665717033;111.284197599;579.4
-7.681412499;111.270839427;724.0
-7.711036150;111.233468286;1011.3
-7.726248596;111.213833376;1595.8
-7.741507323;111.198230328;1138.4
-7.745596984;111.194033292;1086.5
-7.762217435;111.184486298;824.0
-7.772393612;111.181097537;769.8
-7.773365957;111.181397952;774.2
-7.769391569;111.193625727;815.6
-7.756492598;111.217827684;827.8
-7.753370338;111.220122970;833.6
-7.743321661;111.229520614;898.6
-7.737860869;111.239563550;846.4
-7.734787306;111.258257557;777.4
-7.733505802;111.270270942;680.0
-7.732362042;111.286948033;544.5
-7.731458583;111.290793346;535.5
-7.730897236;111.294370155;572.8
-7.747210627;111.284306332;609.8
-7.755663929;111.277386167;590.1
-7.770406236;111.260807725;591.3
-7.773837873;111.254029525;554.0
-7.775080472;111.240438213;622.6
-7.775253380;111.236223438;643.6
-7.775205270;111.233655080;646.5
-7.774774256;111.215976036;700.9
-7.772790130;111.201888659;796.7
-7.762116601;111.185773027;911.8
-7.744763918;111.177564518;1239.8
-7.719458877;111.174734771;1795.9
-7.711931951;111.174288146;1905.7
-7.690580754;111.172120347;1728.9
-7.672268266;111.172414232;1653.7
-7.667613964;111.173424759;1628.7
-7.665156905;111.174424065;1673.6
-7.644368714;111.192354324;2411.2
-7.641508590;111.195785052;2545.9
-7.618584045;111.230137080;1672.4
-7.601495575;111.263361888;656.3
-7.593815955;111.279859965;509.4
-7.588680433;111.279980872;488.9
-7.575844822;111.264621578;577.3
-7.573368854;111.201200572;1442.6
-7.573030454;111.155436905;1006.3
-7.583268405;111.139390909;1041.0
-7.588438853;111.138114151;1092.9
-7.589940738;111.138043657;1077.6
-7.614211331;111.146835908;1405.8
-7.630853798;111.173162154;2409.5
-7.632787824;111.202948071;2819.5
-7.632700918;111.213580107;2305.3
-7.632312280;111.234239869;1400.2
-7.623870052;111.280209549;537.3
-7.627812796;111.291205862;478.1
-7.633889895;111.291068362;494.3
-7.637085615;111.290330960;510.4
-7.678587422;111.272849076;674.2
-7.702284149;111.249846267;788.0
-7.714682063;111.228260157;1104.8
-7.715548919;111.223486056;1062.5
-7.713165851;111.191429839;1866.5
-7.712164744;111.185198553;1825.8
-7.705971839;111.151405237;1314.3
-7.697060187;111.140976265;1130.2
-7.694868110;111.139966093;1079.4
-7.692320701;111.139466179;1150.4
-7.691059090;111.139162602;1144.4
-7.672145046;111.137208881;1065.3
-7.643674704;111.137971553;1300.0
-7.625514287;111.137383084;1314.0
-7.620821152;111.134378942;1151.8
-7.627438322;111.126128828;1021.1
-7.634267091;111.120882570;991.5
-7.644102573;111.120801794;1005.4
-7.646053332;111.121805639;1089.2
-7.663777639;111.127785345;1057.5
-7.681483235;111.131200941;1210.2
-7.684952597;111.131618355;1108.4
-7.687156803;111.131555872;1079.8
-7.701909058;111.131736023;1180.0
-7.707018474;111.130441311;1011.7
-7.724989597;111.126193883;934.8
-7.728757131;111.125176164;960.4
-7.730668040;111.125119317;933.0
-7.744061183;111.123438600;817.5
-7.752365418;111.120939629;756.3
-7.757203215;111.118495210;676.8
-7.759950966;111.110068407;668.1
-7.750875996;111.102911062;700.7
-7.729254732;111.110285697;824.1
-7.725778341;111.112646440;883.3
-7.711103497;111.128744427;978.4
-7.709700080;111.153000260;1413.1
-7.727380871;111.186140590;1518.5
-7.737372878;111.201143807;1208.8
-7.740192385;111.205273623;1009.2
-7.761282760;111.238706914;653.0
-7.763029378;111.258677024;587.6
-7.746022281;111.272408665;635.1
-7.739854028;111.270152337;689.5
-7.709352442;111.229003543;1097.6
-7.683480992;111.173762076;1636.3
-7.681201405;111.167904489;1743.1
-7.659574241;111.125132435;930.4
-7.637462397;111.111696183;879.2
-7.635529952;111.111672375;834.2
-7.621691474;111.114541040;866.1
-7.618479035;111.124907234;919.8
-7.628555641;111.140649198;1431.9
-7.664189367;111.172558048;1671.7
-7.689584770;111.203132575;1730.3
-7.696705092;111.212281197;1360.6
-7.703174433;111.234563871;1052.5
-7.703251772;111.237791282;958.7
-7.698661779;111.260147014;798.6
-7.682813419;111.260089626;795.2
-7.652300872;111.229400141;1435.2
-7.644180490;111.212521879;2165.7
-7.623255486;111.177994043;2589.1
-7.612381213;111.167711681;2010.7
-7.583962476;111.155125467;1222.3
-7.558219324;111.155834108;779.2
-7.556238265;111.159436103;834.4
-7.554959879;111.161683745;817.4
-7.555222916;111.186301654;860.1
-7.578215394;111.212151055;1432.6
-7.620925306;111.235273763;1536.9
-7.632132610;111.243745925;1122.6
-7.646362039;111.259795284;798.1
-7.646693908;111.261412789;781.8
-7.646166535;111.276824551;588.3
-7.640152055;111.281524610;548.1
-7.622555332;111.275018722;587.5
-7.601524932;111.245942599;1020.2
-7.589994474;111.213720337;1692.5
-7.588326479;111.199920070;1869.8
-7.594562404;111.183646045;2193.4
-7.602135014;111.177931357;2196.4
-7.607750182;111.177538878;2259.6
-7.609453290;111.178159344;2338.4
-7.625567458;111.193901121;3179.6
-7.639495310;111.224606996;1860.8
-7.650398166;111.235929512;1254.6
-7.667075335;111.245179885;944.5
-7.679391141;111.244959979;922.2
-7.680963682;111.244644384;905.3
-7.685816784;111.233320401;1005.7
-7.682877886;111.209936485;1458.5
-7.669588008;111.177816204;1734.4
-7.646516369;111.147924385;1490.3
-7.616572838;111.131497888;1061.3
-7.583843306;111.124138092;836.0
-7.577431378;111.120095885;846.3
-7.575731577;111.118469132;847.5
-7.567473560;111.104871998;665.4
-7.566826132;111.098606546;560.9
-7.569545728;111.099015517;633.1
-7.571836072;111.100291963;667.1
-7.572892583;111.101307433;690.2
-7.576146171;111.123893681;818.8
-7.576639589;111.154789775;1073.1
-7.577755359;111.156409899;1106.5
-7.587856351;111.167864994;1487.1
-7.613856796;111.189240646;2886.8
-7.632850034;111.209483037;2497.1
-7.640517035;111.217588736;2079.8
-7.640727015;111.223640015;1870.3
-7.626636624;111.244973494;1202.3
-7.619819399;111.250455095;964.7
-7.602660845;111.249876656;937.0
-7.594819251;111.245147975;990.2
-7.584340570;111.224864823;1123.0
-7.583642398;111.220981135;1256.9
-7.570838294;111.179108025;1201.6
-7.566987805;111.173421413;1084.9
-7.565665202;111.181399472;1135.5
-7.570708841;111.203473267;1367.3
-7.597762562;111.218218003;1785.0
-7.616272974;111.220183846;2107.0
-7.618349298;111.221433055;2044.5
-7.605238315;111.224369461;1703.3
-7.600933457;111.223603539;1636.6
-7.589596784;111.210539620;1787.9
-7.588654600;111.207736376;1818.0
-7.586565339;111.198714195;1770.2
-7.603610025;111.191248801;2690.4
-7.609274439;111.190532332;2655.1
-7.623571914;111.186328953;2929.7
-7.630343007;111.177890237;2645.5
-7.628821872;111.169747798;2273.2
-7.619437790;111.165404507;1986.5
-7.600465263;111.170974083;1860.6
-7.579641574;111.188506321;1705.7
-7.572790536;111.195856724;1390.3
-7.569298428;111.194025186;1343.5
-7.564571966;111.158362812;899.9
-7.576533301;111.134865892;891.4
-7.596780013;111.140261295;1172.1
-7.627441872;111.157356082;1825.2
-7.638066245;111.167292406;2052.0
-7.645440163;111.175921861;2207.7
-7.649176894;111.179875850;2196.6
-7.656254724;111.174038686;1867.1
-7.656826427;111.172452832;1851.3
-7.664957782;111.151902483;1405.0
-7.674233467;111.131356205;1014.6
-7.687987587;111.124415336;994.7
-7.711301863;111.122711981;1014.2
-7.721491595;111.122355378;896.1
-7.732243111;111.120520878;882.2
-7.734779282;111.115226639;800.3
-7.737546844;111.110375809;776.7
-7.735622899;111.110444389;810.6
-7.718352441;111.127639419;950.1
-7.713719063;111.137071301;1070.6
-7.710878439;111.144003935;1248.6
-7.700835250;111.192901470;1846.1
-7.704961156;111.229108817;1044.0
-7.707510811;111.258403752;783.8
-7.707740029;111.269698200;727.5
-7.706529165;111.273534576;749.0
-7.696610441;111.284871141;618.2
-7.694404889;111.285910707;593.8
-7.684163901;111.282862566;604.3
-7.678580609;111.253405305;809.1
-7.678316515;111.237246372;1023.3
-7.677930169;111.232730372;1090.7
-7.675767359;111.214508198;1376.5
-7.673549911;111.210680093;1573.8
-7.672293538;111.209751247;1631.1
-7.669178121;111.208849982;1650.5
-7.664671042;111.224192104;1373.5
-7.666407035;111.240601329;1059.7
-7.668414507;111.252029741;806.6
-7.664371442;111.257953804;763.5
